Reward,Epsilon
1.274999999999999689e+00,8.000000000000000444e-01
3.652500000000000568e+01,7.988008396361091501e-01
1.000000000000011990e-01,7.964079086599102908e-01
9.907500000000000284e+01,7.932284811457211982e-01
